{
  "main": {
    "graves": true,
    "graveCoordinates": true,
    "retrievalType": "BOTH",
    "dropType": "EQUIP",
    "sneakSwapsDropType": true
  },
  "experience": {
    "expStorageType": "ALL",
    "percentage": 100,
    "percentageType": "POINTS",
    "cap": -1,
    "capType": "LEVELS"
  },
  "sink": {
    "sinkInAir": true,
    "sinkInWater": true,
    "sinkInLava": false
  },
  "decay": {
    "decayEnabled": true,
    "decayModifier": 50,
    "decayBreaksItems": false,
    "decayRobbing": "FRESH"
  },
  "server": {
    "graveRobbing": false,
    "storedGravesAmount": 15,
    "destructiveDeleteCommand": false,
    "OPOverrideLevel": 4,
    "clientOptions": []
  }
}