{"dragon":{"maxHealth":500.0,"eggBornTime":7200,"maxPathingNodes":5000,"villagersFear":true,"animalsFear":true,"skeletons":true,"skeletonChance":0.0033333333333333335,"denChance":0.0038461538461538464,"roostChance":0.0020833333333333333,"denGoldAmount":0.25,"oreRatio":0.022222222222222223,"griefing":true,"tamedGriefing":true,"flapNoiseDistance":4,"fluteDistance":8,"attackDamage":17,"attackDamageFire":2.0,"attackDamageIce":2.5,"attackDamageLightning":3.5,"maxFlight":256,"goldSearchLength":30,"canHealFromBiting":false,"canDespawn":true,"sleep":true,"digWhenStuck":true,"breakBlockCooldown":128,"wanderFromHomeDistance":40,"hungerTickRate":3000,"blockBreakingDropChance":0.1,"explosiveBreath":false,"chunkLoadSummonCrystal":true,"dragonFlightSpeedMod":1.0,"maxTamedDragonAge":128,"skull":true,"heart":true,"blood":true},"hippogryphs":{"spawn":true,"spawnWeight":2,"fightSpeedMod":1.0},"pixie":{"spawnChance":0.016666666666666666,"size":5,"stealItems":true},"cyclops":{"spawnWanderingChance":0.0011111111111111111,"spawnCaveChance":0.0058823529411764705,"sheepSearchLength":17,"maxHealth":150.0,"attackDamage":15.0,"biteDamage":40.0,"griefing":true},"siren":{"spawnChance":0.0025,"maxHealth":50.0,"maxSingTime":12000,"timeBetweenSongs":2000},"gorgon":{"generateTemple":true,"maxHealth":100.0},"deathworm":{"spawnChance":0.03333333333333333,"targetSearchLength":48,"maxHealth":10.0,"attackDamage":3.0,"attackMonsters":true},"cockatrice":{"spawn":true,"spawnWeight":4,"chickenSearchLength":32,"eggChance":0.03333333333333333,"maxHealth":40.0,"chickensLayRottenEggs":true},"bird":{"spawnChance":0.0125,"targetSearchLength":48,"featherDropChance":0.04,"featherAttackDamage":1.0,"flockLength":40,"flightHeight":80,"attackAnimals":false},"troll":{"spawn":true,"spawnWeight":60,"dropWeapon":true,"maxHealth":50.0,"attackDamage":10.0},"myrmex":{"pregnantTicks":2500,"eggTicks":3000,"larvaTicks":35000,"colonyGenChance":0.02,"colonySize":80,"maximumWanderRadius":50,"hiveIgnoreDaytime":false,"baseAttackDamage":3.0},"amphithere":{"spawn":true,"spawnWeight":50,"villagerSearchLength":48.0,"tameTime":400,"flightSpeed":1.75,"maxHealth":50.0,"attackDamage":7.0},"seaSerpent":{"spawnChance":0.004,"griefing":true,"baseHealth":20.0,"attackDamage":4.0},"lich":{"spawn":true,"spawnWeight":4,"spawnChance":0.03333333333333333},"hydra":{"maxHealth":250.0,"spawnChance":0.008333333333333333},"hippocampus":{"spawnChance":0.025,"swimSpeedMod":1.0},"ghost":{"generateGraveyards":true,"maxHealth":30.0,"attackDamage":3.0,"fromPlayerDeaths":true},"armors":{"dragonFireAbility":true,"dragonIceAbility":true,"dragonLightningAbility":true,"dragonSteelBaseDamage":25.0,"dragonSteelBaseArmor":12,"dragonSteelBaseArmorToughness":6.0,"dragonSteelBaseDurability":8000,"dragonSteelBaseDurabilityEquipment":8000},"worldgen":{"dangerousDistanceLimit":1000.0,"dangerousSeparationLimit":300.0,"generateMausoleums":true},"misc":{"enableDragonSeeker":true,"dreadQueenMaxHealth":750.0},"version":1}